<?xml version="1.0" encoding="UTF-8" standalone="no"?><TaskList Version="2.0"><Task Active="false" ConnectorKind="local" CreationDate="2012-09-01 12:45:04.865 +0300" DueDate="" EndDate="" Estimated="0" Handle="local-3" IssueURL="" Kind="task" Label="JVM Monitoring" LastModified="now" MarkReadPending="false" ModificationDate="" Notes="Monitor build environments through JMX." NotifiedIncoming="true" Owner="local" Priority="P3" Reminded="false" RepositoryUrl="local" ScheduledEndDate="2012-09-01 23:59:59.999 +0300" ScheduledStartDate="2012-08-26 00:00:00.0 +0300" Stale="false" TaskId="3" offlineSyncState="SYNCHRONIZED"/><Task Active="false" ConnectorKind="local" CreationDate="2012-09-01 12:44:09.771 +0300" DueDate="" EndDate="" Estimated="0" Handle="local-2" IssueURL="" Kind="task" Label="Agents implementation" LastModified="now" MarkReadPending="false" ModificationDate="" Notes="Run processes on scalable build environments instead of build machines. Send command to one environment and split work on different nodes. This way any host could be used as node. - JCSP ???" NotifiedIncoming="true" Owner="local" Priority="P3" Reminded="false" RepositoryUrl="local" ScheduledEndDate="2012-09-01 23:59:59.999 +0300" ScheduledStartDate="2012-08-26 00:00:00.0 +0300" Stale="false" TaskId="2" offlineSyncState="SYNCHRONIZED"/><Task Active="false" ConnectorKind="local" CreationDate="2012-09-01 12:42:48.337 +0300" DueDate="" EndDate="" Estimated="0" Handle="local-1" IssueURL="" Kind="task" Label="Rename project" LastModified="now" MarkReadPending="false" ModificationDate="" Notes="" NotifiedIncoming="true" Owner="local" Priority="P3" Reminded="false" RepositoryUrl="local" ScheduledEndDate="2012-09-01 23:59:59.999 +0300" ScheduledStartDate="2012-08-26 00:00:00.0 +0300" Stale="false" TaskId="1" offlineSyncState="SYNCHRONIZED"/><TaskCategory Handle="Uncategorized" Name="Uncategorized"><TaskReference Handle="local-3"/><TaskReference Handle="local-2"/><TaskReference Handle="local-1"/></TaskCategory></TaskList>